
<?xml version="1.0" encoding="UTF-8" standalone="yes"?>
<addon id="repository.niKodi" name="Kodi-Nicolas" version="1.1.0" provider-name="KodiNicolas">
	<extension point="xbmc.addon.repository" name="Kodi-Nicolas">
		<info compressed="false">https://raw.githubusercontent.com/nmarciano/niKodi/master/addons.xml</info>
		<checksum>https://raw.githubusercontent.com/nmarciano/niKodi/master/addons.xml.md5</checksum>
		<datadir zip="true">https://raw.githubusercontent.com/nmarciano/niKodi/master</datadir>
	</extension>
	<extension point="xbmc.addon.metadata">
		<summary>Kodi-Nicolas</summary>
   		<description lang="en">Instala los Addons de Kodi Nico.</description>
		<disclaimer></disclaimer>
		<platform>all</platform>
	</extension>
</addon>